query_id	neibor_id	neibor_ratio	query_unknown_ratio	COG_LETTER
30	30	0.7707948243992606	0.00369685767097966	E
30	285	0.756007393715342	0.00369685767097966	E
30	350	0.7504621072088724	0.00369685767097966	E
46	387	0.7554585152838428	0.01746724890829694	H
56	169	0.8223234624145785	0.00911161731207289	D
59	169	0.8063063063063063	0.0159090909090909	D
111	551	0.9672619047619048	0	M
113	127	0.8316742081447964	0	E
113	712	0.8361990950226245	0	E
121	125	0.8917112299465241	0	E
125	121	1.2156862745098038	0	E
127	113	1.5061349693251531	0	E
130	192	0.889261744966443	0.0134228187919463	V
134	457	0.8668941979522184	0	G
138	140	1.188073394495413	0	C
140	138	1.2564102564102564	0	C
140	1021	0.7552447552447552	0	C
160	175	0.7649253731343284	0	J
161	161	2.093632958801498	0.02247191011235955	N
169	56	0.8760890609874153	0.00215982721382289	M
169	59	0.8238141335914811	0.00215982721382289	M
169	632	0.8838334946757018	0.00215982721382289	M
169	651	0.8877057115198451	0.00215982721382289	M
169	684	0.8547918683446273	0.00215982721382289	M
169	909	0.8160696999031946	0.00215982721382289	M
173	181	0.754863813229572	0	J
175	160	0.7725490196078432	0.00392156862745098	J
178	183	0.8188976377952756	0.01181102362204724	L
178	187	0.8110236220472441	0.01181102362204724	L
178	254	0.7637795275590551	0.01181102362204724	L
178	264	0.7834645669291339	0.01181102362204724	L
180	191	0.766798418972332	0	O
180	192	1.0039525691699605	0	O
180	203	0.7786561264822134	0	O
180	211	0.7628458498023716	0	O
181	173	0.7976190476190477	0.00396825396825396	C
181	198	0.7777777777777778	0.00396825396825396	C
181	231	0.7658730158730159	0.00396825396825396	C
183	178	0.7936507936507936	0.0119047619047619	K
183	187	0.7896825396825397	0.0119047619047619	K
183	254	0.7658730158730159	0.0119047619047619	K
183	264	0.7738095238095238	0.0119047619047619	K
185	284	0.7609561752988048	0	E
186	201	0.7768924302788844	0	H
186	357	0.7808764940239044	0	H
187	178	0.7808764940239044	0.01593625498007968	L
187	183	0.7848605577689243	0.01593625498007968	L
187	264	0.7609561752988048	0.01593625498007968	L
190	269	0.7741935483870968	0	F
191	180	0.8104838709677419	0.00403225806451612	C
191	192	1.0806451612903225	0.00403225806451612	C
191	209	0.8669354838709677	0.00403225806451612	C
191	211	0.7903225806451613	0.00403225806451612	C
191	298	0.782258064516129	0.00403225806451612	C
192	130	0.8571428571428571	0	C
192	180	0.8340336134453782	0	C
192	191	0.8445378151260504	0	C
192	209	0.9033613445378152	0	C
192	211	0.7752100840336135	0	C
192	298	0.8172268907563025	0	C
192	316	0.7773109243697479	0	C
193	243	0.7540322580645161	0	J
193	250	0.7540322580645161	0	J
196	212	0.7741935483870968	0	H
197	217	0.782258064516129	0	C
197	256	0.7903225806451613	0	C
198	181	0.8137651821862348	0	C
198	231	0.7975708502024291	0	C
199	214	1.670317634173056	0.0021321961620469	U
199	353	0.8203723986856517	0.0021321961620469	U
199	354	0.7765607886089814	0.0021321961620469	U
199	488	0.7962760131434831	0.0021321961620469	U
200	209	0.854251012145749	0.01214574898785425	L
200	298	0.7530364372469636	0.01214574898785425	L
200	316	0.7651821862348178	0.01214574898785425	L
201	186	0.7975708502024291	0	H
203	180	0.8048780487804879	0	E
203	211	0.7967479674796748	0	E
203	307	0.7520325203252033	0	E
203	363	0.7723577235772358	0	E
204	229	0.7804878048780488	0	H
204	236	0.7804878048780488	0	H
206	303	0.7804878048780488	0	E
207	349	1.0408163265306123	0.00408163265306122	O
208	226	0.8244897959183674	0	I
208	321	0.7959183673469388	0	I
208	430	0.7714285714285715	0	I
208	499	0.7836734693877551	0	I
209	191	0.7863777089783281	0	C
209	192	1.0712074303405572	0	C
209	200	0.7863777089783281	0	C
209	298	0.8018575851393189	0	C
209	316	0.7832817337461301	0	C
210	235	0.7510204081632653	0	J
210	243	0.7551020408163265	0	J
210	250	0.7591836734693878	0	J
211	180	0.7909836065573771	0	J
211	191	0.7663934426229508	0	J
211	192	0.9631147540983608	0	J
211	203	0.8032786885245902	0	J
212	196	0.7813765182186235	0.979591836734694	R
212	302	0.7894736842105263	0.979591836734694	R
214	199	1.6601307189542485	0	U
214	314	0.7886710239651417	0	U
214	353	0.818082788671024	0	U
214	360	0.8061002178649237	0	U
214	488	0.7788671023965141	0	U
215	216	0.7777777777777778	0	F
215	265	0.7695473251028807	0	F
215	292	0.7901234567901234	0	F
216	215	0.757201646090535	0.00411522633744856	J
217	197	0.7942386831275721	0	C
217	256	0.8106995884773662	0	C
220	385	0.7768595041322314	0	J
222	241	0.7727272727272727	0	J
222	260	0.7644628099173554	0	J
223	362	0.9132231404958676	0.03305785123966942	H
224	252	0.7606741573033707	0	M
224	327	0.7606741573033707	0	M
226	208	0.8091286307053942	0	E
226	499	0.7717842323651453	0	E
228	301	0.7705882352941177	1	R
228	405	0.7735294117647059	1	R
229	204	0.8257261410788381	0	E
229	236	0.8340248962655602	0	E
229	280	0.8008298755186722	0	E
229	591	0.7510373443983402	0	E
231	181	0.8041666666666667	0	C
231	198	0.8125	0	C
233	234	0.8416666666666667	0.00416666666666666	F
233	317	0.8125	0.00416666666666666	F
233	323	0.7958333333333333	0.00416666666666666	F
233	340	0.8125	0.00416666666666666	F
233	368	0.8	0.00416666666666666	F
233	402	0.8125	0.00416666666666666	F
233	429	0.7958333333333333	0.00416666666666666	F
233	452	0.775	0.00416666666666666	F
234	233	0.8458333333333333	0	U
234	317	0.8125	0	U
234	323	0.7708333333333334	0	U
234	340	0.8166666666666667	0	U
234	368	0.8166666666666667	0	U
234	381	0.7875	0	U
234	402	0.8166666666666667	0	U
234	429	0.8166666666666667	0	U
234	452	0.7958333333333333	0	U
235	210	0.7666666666666667	0.03333333333333333	K
236	204	0.825	0.03333333333333333	I
236	229	0.8291666666666667	0.03333333333333333	I
236	280	0.7875	0.03333333333333333	I
237	365	0.7531380753138075	0.01255230125523012	J
239	263	0.8075313807531381	0	I
239	269	0.7866108786610879	0	I
239	364	0.7949790794979079	0	I
239	394	0.7866108786610879	0	I
241	222	0.7824267782426778	0.00836820083682008	J
241	260	0.7740585774058577	0.00836820083682008	J
243	193	0.7573221757322176	0	J
243	210	0.7740585774058577	0	J
243	250	0.7698744769874477	0	J
246	305	0.8067226890756303	0	E
247	268	0.819327731092437	0	I
247	284	0.8151260504201681	0	I
247	497	0.7647058823529411	0	I
250	193	0.7521008403361344	0.00840336134453781	J
250	210	0.7647058823529411	0.00840336134453781	J
250	243	0.7605042016806722	0.00840336134453781	J
251	421	0.7521008403361344	1	S
252	224	1.4369747899159664	0	J
254	178	0.7983193277310925	0	C
254	183	0.7941176470588235	0	C
254	264	0.8025210084033614	0	C
256	197	0.8361344537815126	0.00840336134453781	C
256	217	0.8487394957983193	0.00840336134453781	C
258	276	0.7805907172995781	0.00421940928270042	J
258	332	0.759493670886076	0.00421940928270042	J
260	222	0.7805907172995781	0.01687763713080168	J
260	241	0.7848101265822784	0.01687763713080168	J
260	315	0.7510548523206751	0.01687763713080168	J
261	334	0.8270042194092827	0.00421940928270042	E
261	403	0.7637130801687764	0.00421940928270042	E
261	421	0.7805907172995781	0.00421940928270042	E
261	510	0.8059071729957806	0.00421940928270042	E
263	239	0.8438818565400844	0	I
263	301	0.7763713080168776	0	I
263	342	0.8312236286919831	0	I
263	364	0.8354430379746836	0	I
263	394	0.8270042194092827	0	I
264	178	0.8354430379746836	0	E
264	183	0.8312236286919831	0	E
264	187	0.8227848101265823	0	E
264	254	0.8059071729957806	0	E
265	215	0.7763713080168776	0	J
266	347	0.7542372881355932	0	E
266	383	0.7627118644067796	0	E
268	247	0.8305084745762712	0.0211864406779661	L
268	284	0.7627118644067796	0.0211864406779661	L
269	190	0.7923728813559322	0.01271186440677966	J
269	239	0.7584745762711864	0.01271186440677966	J
271	357	0.7627118644067796	1	S
273	280	0.8135593220338984	0	J
274	345	0.7656903765690377	0	U
275	410	0.7829787234042553	0	D
275	427	0.7957446808510639	0	D
275	480	0.7829787234042553	0	D
275	495	0.7702127659574468	0	D
276	258	0.8	0.02978723404255319	J
276	332	0.7787234042553192	0.02978723404255319	J
276	545	0.7574468085106383	0.02978723404255319	J
280	229	0.8	0.00851063829787234	F
280	236	0.7914893617021277	0.00851063829787234	F
280	273	0.8340425531914893	0.00851063829787234	F
280	591	0.7531914893617021	0.00851063829787234	F
281	302	0.8148148148148148	0.00421940928270042	E
281	382	0.7530864197530864	0.00421940928270042	E
281	425	0.7860082304526749	0.00421940928270042	E
284	185	0.8143459915611815	0.00851063829787234	H
284	247	0.8143459915611815	0.00851063829787234	H
284	268	0.7637130801687764	0.00851063829787234	H
285	30	1.764957264957265	0	E
286	299	0.8333333333333334	0	L
286	445	0.7777777777777778	0	L
286	460	0.7863247863247863	0	L
291	365	0.7905982905982906	0	H
291	396	0.7905982905982906	0	H
292	215	0.7991452991452992	0	J
294	329	0.7811158798283262	0	C
294	398	0.7982832618025751	0	C
294	436	0.7854077253218884	0	C
297	307	0.8025751072961373	0	J
297	363	0.7939914163090128	0	J
298	191	0.8197424892703863	0	C
298	192	1.111587982832618	0	C
298	200	0.7939914163090128	0	C
298	209	0.9184549356223176	0	C
298	316	0.7854077253218884	0	C
299	286	0.8220338983050848	0	L
299	445	0.7627118644067796	0	L
299	460	0.7711864406779662	0	L
300	344	0.7811158798283262	0.9957081545064378	R
301	228	0.9055793991416308	0	L
301	263	0.7725321888412017	0	L
301	342	0.8369098712446352	0	L
301	364	0.8197424892703863	0	L
301	394	0.8111587982832618	0	L
301	405	0.7811158798283262	0	L
302	212	0.8412017167381974	0.02145922746781116	O
302	281	0.8197424892703863	0.02145922746781116	O
302	425	0.7682403433476395	0.02145922746781116	O
303	206	0.8326180257510729	0.00429184549356223	I
305	246	0.8103448275862069	0.9827586206896552	NA
306	337	0.7543103448275862	0	I
306	413	0.7931034482758621	0	I
307	203	0.7629310344827587	0	J
307	297	0.8060344827586207	0	J
307	363	0.8017241379310345	0	J
310	344	0.7974137931034483	1	S
310	477	0.853448275862069	1	S
310	621	0.7931034482758621	1	S
312	415	0.7965367965367965	0	J
312	470	0.7792207792207793	0	J
312	498	0.7619047619047619	0	J
314	214	1.5324675324675323	0	T
314	360	0.8225108225108225	0	T
314	577	0.7965367965367965	0	T
315	260	0.7835497835497836	0	J
315	322	0.7619047619047619	0	J
316	192	1.0606060606060606	0.02597402597402597	C
316	200	0.8181818181818182	0.02597402597402597	C
316	209	0.9090909090909092	0.02597402597402597	C
316	298	0.7922077922077922	0.02597402597402597	C
317	233	0.8051948051948052	0	K
317	234	0.7965367965367965	0	K
317	323	0.7922077922077922	0	K
317	340	0.8008658008658008	0	K
317	402	0.8008658008658008	0	K
317	444	0.7748917748917749	0	K
319	395	0.7748917748917749	0.00432900432900432	F
321	208	0.8130434782608695	0.00434782608695652	C
321	430	0.808695652173913	0.00434782608695652	C
322	315	0.782608695652174	0	J
322	390	0.7652173913043478	0	J
323	233	0.8130434782608695	0.01304347826086956	J
323	234	0.7782608695652173	0.01304347826086956	J
323	317	0.8217391304347826	0.01304347826086956	J
323	340	0.8173913043478261	0.01304347826086956	J
323	402	0.8173913043478261	0.01304347826086956	J
323	444	0.7913043478260869	0.01304347826086956	J
323	475	0.7521739130434782	0.01304347826086956	J
327	224	1.4565217391304348	1	NA
329	294	0.759825327510917	0	C
332	258	0.8078602620087336	0	F
332	276	0.8078602620087336	0	F
332	468	0.7860262008733624	0	F
332	533	0.759825327510917	0	F
332	545	0.7947598253275109	0	F
333	519	0.777292576419214	0	E
334	261	0.8733624454148472	0.00436681222707423	M
334	403	0.8034934497816594	0.00436681222707423	M
334	421	0.8427947598253275	0.00436681222707423	M
334	510	0.8384279475982532	0.00436681222707423	M
337	306	0.7543859649122807	0.0087719298245614	L
337	349	1.2105263157894737	0.0087719298245614	L
337	399	0.7543859649122807	0.0087719298245614	L
337	413	0.7587719298245614	0.0087719298245614	L
340	233	0.8289473684210527	0	J
340	234	0.8245614035087719	0	J
340	317	0.8201754385964912	0	J
340	323	0.8070175438596491	0	J
340	368	0.7763157894736842	0	J
340	402	0.8245614035087719	0	J
340	444	0.7850877192982456	0	J
342	263	0.8421052631578947	0.03508771929824561	J
342	301	0.868421052631579	0.03508771929824561	J
342	364	0.8596491228070176	0.03508771929824561	J
342	394	0.8508771929824561	0.03508771929824561	J
342	405	0.7894736842105263	0.03508771929824561	J
343	406	0.7624521072796935	0	C
343	407	0.7624521072796935	0	C
343	424	1.3984674329501916	0	C
343	462	0.7662835249042146	0	C
344	300	0.7894736842105263	0.0043859649122807	V
344	310	0.7675438596491229	0.0043859649122807	V
345	274	0.8289473684210527	0	U
347	266	0.775330396475771	0.00440528634361233	J
347	348	0.762114537444934	0.00440528634361233	J
347	383	0.7533039647577092	0.00440528634361233	J
348	347	0.7929515418502202	0	J
349	207	0.7520661157024794	0.0169971671388102	L
349	337	0.7834710743801653	0.0169971671388102	L
349	399	0.8099173553719008	0.0169971671388102	L
349	413	0.7553719008264462	0.0169971671388102	L
349	634	0.771900826446281	0.0169971671388102	L
350	30	1.669603524229075	0	E
353	199	1.6740088105726871	0.9251101321585904	NA
353	214	1.6872246696035242	0.9251101321585904	NA
353	354	0.8281938325991189	0.9251101321585904	NA
353	488	0.8502202643171806	0.9251101321585904	NA
353	589	0.7841409691629956	0.9251101321585904	NA
353	616	0.788546255506608	0.9251101321585904	NA
354	199	1.52863436123348	0.00440528634361233	M
354	353	0.801762114537445	0.00440528634361233	M
354	488	0.8061674008810573	0.00440528634361233	M
354	589	0.7665198237885462	0.00440528634361233	M
354	616	0.7841409691629956	0.00440528634361233	M
357	186	0.8634361233480177	0.01762114537444934	H
357	271	0.8149779735682819	0.01762114537444934	H
357	536	0.7577092511013216	0.01762114537444934	H
359	455	0.7699115044247787	0	E
360	214	1.6194690265486726	0.00884955752212389	K
360	314	0.8495575221238938	0.00884955752212389	K
360	577	0.8008849557522124	0.00884955752212389	K
362	223	0.7912087912087912	0	E
363	203	0.8362831858407079	0	D
363	297	0.8584070796460177	0	D
363	307	0.8628318584070797	0	D
364	239	0.8451327433628318	0.01327433628318584	J
364	263	0.8716814159292036	0.01327433628318584	J
364	301	0.8628318584070797	0.01327433628318584	J
364	342	0.8805309734513275	0.01327433628318584	J
364	394	0.8893805309734514	0.01327433628318584	J
365	237	0.8008849557522124	1	R
365	291	0.831858407079646	1	R
365	396	0.8451327433628318	1	R
366	426	0.8628318584070797	0	J
366	449	0.8628318584070797	0	J
366	450	0.8716814159292036	0	J
366	464	0.8628318584070797	0	J
366	478	0.8672566371681416	0	J
366	494	0.8716814159292036	0	J
366	513	0.8362831858407079	0	J
366	514	0.8716814159292036	0	J
366	540	0.8495575221238938	0	J
366	592	0.8495575221238938	0	J
368	233	0.8539823008849557	0.00442477876106194	J
368	234	0.8716814159292036	0.00442477876106194	J
368	340	0.8097345132743363	0.00442477876106194	J
368	380	0.8451327433628318	0.00442477876106194	J
368	381	0.8584070796460177	0.00442477876106194	J
368	402	0.8185840707964602	0.00442477876106194	J
368	428	0.7566371681415929	0.00442477876106194	J
368	429	0.8849557522123894	0.00442477876106194	J
368	452	0.8628318584070797	0.00442477876106194	J
371	469	0.8488888888888889	0	L
374	694	0.7822222222222223	0	T
375	443	0.7955555555555556	0.00444444444444444	E
376	461	0.7822222222222223	0	G
376	490	0.8044444444444444	0	G
378	528	0.8266666666666667	0	L
379	581	0.8311111111111111	0	J
379	594	0.8355555555555556	0	J
379	607	0.8177777777777778	0	J
380	368	0.8355555555555556	0	J
380	381	0.8666666666666667	0	J
380	426	0.8311111111111111	0	J
380	428	0.8577777777777778	0	J
380	429	0.8488888888888889	0	J
380	450	0.84	0	J
380	452	0.8622222222222222	0	J
380	515	0.8444444444444444	0	J
380	540	0.8311111111111111	0	J
381	234	0.8311111111111111	0.01777777777777777	J
381	368	0.84	0.01777777777777777	J
381	380	0.8533333333333334	0.01777777777777777	J
381	428	0.8444444444444444	0.01777777777777777	J
381	429	0.8488888888888889	0.01777777777777777	J
381	450	0.8177777777777778	0.01777777777777777	J
381	452	0.8622222222222222	0.01777777777777777	J
381	515	0.8311111111111111	0.01777777777777777	J
381	540	0.8177777777777778	0.01777777777777777	J
382	281	0.8	0.9866666666666668	NA
382	425	0.8	0.9866666666666668	NA
383	266	0.7901785714285714	0	E
383	347	0.7544642857142857	0	E
384	414	0.7946428571428571	0	H
385	220	0.84375	0.04017857142857143	L
385	485	0.78125	0.04017857142857143	L
385	519	0.7857142857142857	0.04017857142857143	L
385	690	0.7901785714285714	0.04017857142857143	L
387	46	1.239193083573487	0.00377358490566037	O
387	703	0.7953890489913544	0.00377358490566037	O
387	716	0.7636887608069164	0.00377358490566037	O
388	505	0.8214285714285714	0	D
390	322	0.7767857142857143	0	J
394	239	0.8348214285714286	0.11160714285714286	J
394	263	0.8660714285714286	0.11160714285714286	J
394	301	0.8660714285714286	0.11160714285714286	J
394	342	0.8794642857142857	0.11160714285714286	J
394	364	0.8928571428571429	0.11160714285714286	J
395	319	0.8125	0	K
396	291	0.8169642857142857	0.00892857142857142	J
396	365	0.8303571428571429	0.00892857142857142	J
398	294	0.8295964125560538	0.00448430493273542	C
398	436	0.8161434977578476	0.00448430493273542	C
399	337	0.757847533632287	0	L
399	349	1.2645739910313902	0	L
400	558	0.7533632286995515	0	D
402	233	0.8699551569506726	0	J
402	234	0.8654708520179372	0	J
402	317	0.8654708520179372	0	J
402	323	0.852017937219731	0	J
402	340	0.8654708520179372	0	J
402	368	0.820627802690583	0	J
402	429	0.8116591928251121	0	J
402	444	0.8251121076233184	0	J
403	261	0.8340807174887892	0	M
403	334	0.8385650224215246	0	M
403	421	0.8654708520179372	0	M
403	510	0.8026905829596412	0	M
404	565	0.7847533632286996	0.00448430493273542	T
405	228	0.9147982062780268	0.09417040358744394	F
405	301	0.7757847533632287	0.09417040358744394	F
405	342	0.757847533632287	0.09417040358744394	F
406	343	0.8565022421524664	0	C
406	407	0.8295964125560538	0	C
406	424	1.493273542600897	0	C
406	462	0.820627802690583	0	C
407	343	0.8565022421524664	0	C
407	406	0.8295964125560538	0	C
407	424	1.4573991031390134	0	C
407	462	0.820627802690583	0	C
407	567	0.7668161434977578	0	C
410	275	0.8161434977578476	0	C
410	427	0.8385650224215246	0	C
410	480	0.820627802690583	0	C
410	495	0.8161434977578476	0	C
410	516	0.8071748878923767	0	C
411	475	0.7522522522522522	0	P
413	306	0.8243243243243243	0.08558558558558559	U
413	337	0.7657657657657657	0.08558558558558559	U
413	349	1.1666666666666667	0.08558558558558559	U
414	384	0.8063063063063063	0.0045045045045045	H
415	312	0.8288288288288288	0.01351351351351351	J
415	470	0.8153153153153153	0.01351351351351351	J
415	498	0.8018018018018018	0.01351351351351351	J
416	636	0.76	0.00896860986547085	O
417	561	0.7567567567567568	0	O
421	251	0.8333333333333334	0.009009009009009	J
421	261	0.8513513513513513	0.009009009009009	J
421	334	0.8828828828828829	0.009009009009009	J
421	403	0.8603603603603603	0.009009009009009	J
421	510	0.8468468468468469	0.009009009009009	J
421	807	0.7792792792792793	0.009009009009009	J
424	343	0.892904953145917	0.00755667506297229	C
424	406	0.8500669344042838	0.00755667506297229	C
424	407	0.8326639892904953	0.00755667506297229	C
424	462	0.856760374832664	0.00755667506297229	C
424	552	0.8594377510040161	0.00755667506297229	C
424	622	0.8514056224899599	0.00755667506297229	C
424	763	0.8058902275769746	0.00755667506297229	C
425	281	0.8603603603603603	0.0045045045045045	E
425	302	0.8108108108108109	0.0045045045045045	E
425	382	0.8063063063063063	0.0045045045045045	E
426	366	0.9009009009009008	0.5180180180180181	NA
426	380	0.8558558558558559	0.5180180180180181	NA
426	428	0.8648648648648649	0.5180180180180181	NA
426	449	0.90990990990991	0.5180180180180181	NA
426	450	0.9054054054054054	0.5180180180180181	NA
426	464	0.90990990990991	0.5180180180180181	NA
426	478	0.8738738738738738	0.5180180180180181	NA
426	514	0.8693693693693694	0.5180180180180181	NA
426	515	0.8693693693693694	0.5180180180180181	NA
426	540	0.8873873873873874	0.5180180180180181	NA
427	275	0.8354978354978355	0.00444444444444444	C
427	410	0.8354978354978355	0.00444444444444444	C
427	480	0.8311688311688312	0.00444444444444444	C
427	495	0.8354978354978355	0.00444444444444444	C
427	516	0.8268398268398268	0.00444444444444444	C
428	368	0.7567567567567568	0.03603603603603603	J
428	380	0.8783783783783784	0.03603603603603603	J
428	381	0.8783783783783784	0.03603603603603603	J
428	426	0.8558558558558559	0.03603603603603603	J
428	429	0.8558558558558559	0.03603603603603603	J
428	449	0.8513513513513513	0.03603603603603603	J
428	450	0.8603603603603603	0.03603603603603603	J
428	452	0.8738738738738738	0.03603603603603603	J
428	515	0.8693693693693694	0.03603603603603603	J
428	540	0.8513513513513513	0.03603603603603603	J
429	233	0.8513513513513513	0.0045045045045045	J
429	234	0.8738738738738738	0.0045045045045045	J
429	368	0.8873873873873874	0.0045045045045045	J
429	380	0.8603603603603603	0.0045045045045045	J
429	381	0.8738738738738738	0.0045045045045045	J
429	402	0.8153153153153153	0.0045045045045045	J
429	428	0.8468468468468469	0.0045045045045045	J
429	452	0.8783783783783784	0.0045045045045045	J
429	515	0.8243243243243243	0.0045045045045045	J
430	208	0.8378378378378378	1	S
430	321	0.8468468468468469	1	S
436	294	0.8371040723981901	0.07692307692307693	C
436	398	0.8461538461538461	0.07692307692307693	C
440	574	0.7737556561085973	0.00452488687782805	F
440	732	0.7601809954751131	0.00452488687782805	F
440	769	0.7828054298642534	0.00452488687782805	F
442	457	1.171945701357466	0	J
442	506	0.7692307692307693	0	J
442	507	0.8054298642533937	0	J
443	375	0.7692307692307693	0.00452488687782805	I
444	317	0.8235294117647058	0.00904977375565611	J
444	323	0.8235294117647058	0.00904977375565611	J
444	340	0.8144796380090498	0.00904977375565611	J
444	402	0.8054298642533937	0.00904977375565611	J
444	475	0.832579185520362	0.00904977375565611	J
445	286	0.8280542986425339	0	L
445	299	0.8144796380090498	0	L
445	460	0.832579185520362	0	L
446	550	0.8190045248868778	0	I
446	579	0.7918552036199095	0	I
446	706	0.7692307692307693	0	I
446	707	0.8235294117647058	0	I
449	366	0.9140271493212668	0	J
449	426	0.9230769230769232	0	J
449	428	0.8733031674208145	0	J
449	450	0.918552036199095	0	J
449	464	0.9230769230769232	0	J
449	478	0.8868778280542986	0	J
449	494	0.8778280542986425	0	J
449	514	0.8868778280542986	0	J
449	515	0.8823529411764706	0	J
449	540	0.9004524886877828	0	J
450	366	0.9107142857142856	0	J
450	380	0.8705357142857143	0	J
450	381	0.8616071428571429	0	J
450	426	0.9107142857142856	0	J
450	428	0.875	0	J
450	449	0.9107142857142856	0	J
450	464	0.9107142857142856	0	J
450	478	0.8616071428571429	0	J
450	515	0.8839285714285714	0	J
450	540	0.8839285714285714	0	J
451	481	0.7692307692307693	0	J
451	551	1.4615384615384617	0	J
451	593	0.751131221719457	0	J
452	233	0.8371040723981901	0	J
452	234	0.8552036199095022	0	J
452	368	0.8642533936651584	0	J
452	380	0.8687782805429864	0	J
452	381	0.8823529411764706	0	J
452	428	0.8597285067873304	0	J
452	429	0.8733031674208145	0	J
452	515	0.8461538461538461	0	J
452	540	0.8235294117647058	0	J
453	779	0.8565737051792829	0	E
455	359	0.7818181818181819	0	L
456	613	0.7818181818181819	0.01818181818181818	M
456	668	0.7772727272727272	0.01818181818181818	M
456	722	0.7954545454545454	0.01818181818181818	M
457	134	0.7580071174377224	0	G
457	442	0.7704626334519573	0	G
460	286	0.8454545454545455	0.08636363636363636	J
460	299	0.8318181818181818	0.08636363636363636	J
460	445	0.8409090909090909	0.08636363636363636	J
461	376	0.7954545454545454	0	M
461	490	0.7863636363636364	0	M
462	343	0.8590909090909091	0.00454545454545454	C
462	406	0.8227272727272728	0.00454545454545454	C
462	407	0.8227272727272728	0.00454545454545454	C
462	424	1.5045454545454546	0.00454545454545454	C
462	552	0.7909090909090909	0.00454545454545454	C
464	366	0.8909090909090909	0	J
464	426	0.9	0	J
464	449	0.9	0	J
464	450	0.9	0	J
464	478	0.8636363636363636	0	J
464	494	0.8590909090909091	0	J
464	514	0.8590909090909091	0	J
464	515	0.8727272727272727	0	J
464	540	0.8818181818181818	0	J
464	592	0.8363636363636363	0	J
466	467	0.8136363636363636	0.00909090909090909	J
467	466	0.8090909090909091	0.01363636363636363	J
467	542	0.759090909090909	0.01363636363636363	J
468	332	0.8127853881278538	1	R
468	533	0.817351598173516	1	R
468	545	0.8264840182648402	1	R
469	371	0.8080808080808081	0.00816326530612245	I
470	312	0.821917808219178	0.0136986301369863	D
470	415	0.8264840182648402	0.0136986301369863	D
470	498	0.8127853881278538	0.0136986301369863	D
475	323	0.7808219178082192	0	H
475	411	0.7534246575342466	0	H
475	444	0.8310502283105022	0	H
476	600	0.7705627705627706	0.00448430493273542	O
477	310	0.8767123287671232	0.0410958904109589	O
477	621	0.7808219178082192	0.0410958904109589	O
478	366	0.8904109589041096	0	J
478	426	0.8584474885844748	0	J
478	449	0.8584474885844748	0	J
478	450	0.8493150684931506	0	J
478	464	0.8584474885844748	0	J
478	479	0.8264840182648402	0	J
478	494	0.8812785388127854	0	J
478	513	0.867579908675799	0	J
478	514	0.8812785388127854	0	J
478	592	0.8721461187214612	0	J
479	478	0.7990867579908676	0.0136986301369863	J
479	494	0.8127853881278538	0.0136986301369863	J
479	513	0.821917808219178	0.0136986301369863	J
479	514	0.8127853881278538	0.0136986301369863	J
479	555	0.8264840182648402	0.0136986301369863	J
479	592	0.8082191780821918	0.0136986301369863	J
480	275	0.8310502283105022	0	C
480	410	0.8356164383561644	0	C
480	427	0.8447488584474886	0	C
480	495	0.821917808219178	0	C
480	516	0.8127853881278538	0	C
481	451	0.7533039647577092	0	J
481	551	1.4052863436123348	0	J
485	385	0.7798165137614679	0	F
485	519	0.7889908256880734	0	F
488	199	1.6376146788990826	0	U
488	214	1.6238532110091743	0	U
488	353	0.8577981651376146	0	U
488	354	0.8440366972477065	0	U
488	589	0.7935779816513762	0	U
488	616	0.8073394495412844	0	U
490	376	0.8761467889908257	0	J
490	461	0.8348623853211009	0	J
490	579	0.7568807339449541	0	J
490	785	0.7889908256880734	0	J
494	366	0.8944954128440367	0.00458715596330275	J
494	449	0.8532110091743119	0.00458715596330275	J
494	464	0.8623853211009175	0.00458715596330275	J
494	478	0.8899082568807339	0.00458715596330275	J
494	479	0.8532110091743119	0.00458715596330275	J
494	513	0.8807339449541285	0.00458715596330275	J
494	514	0.8990825688073395	0.00458715596330275	J
494	592	0.8807339449541285	0.00458715596330275	J
495	275	0.8256880733944955	0	C
495	410	0.8302752293577982	0	C
495	427	0.8532110091743119	0	C
495	480	0.8256880733944955	0	C
495	516	0.8302752293577982	0	C
497	247	0.8433179723502304	0.5806451612903226	NA
497	543	0.8110599078341014	0.5806451612903226	NA
498	312	0.8110599078341014	0.02304147465437788	L
498	415	0.8202764976958525	0.02304147465437788	L
498	470	0.8202764976958525	0.02304147465437788	L
498	645	0.7603686635944701	0.02304147465437788	L
499	208	0.7957446808510639	0	H
499	226	0.8	0	H
500	521	0.7972350230414746	0	M
500	546	0.783410138248848	0	M
500	587	0.7603686635944701	0	M
503	563	0.7695852534562212	0	J
504	563	0.8064516129032258	0	E
505	388	0.8617511520737328	0.00921658986175115	D
506	442	0.7788018433179723	1	S
506	507	0.8248847926267281	1	S
507	442	0.8294930875576036	0	J
507	506	0.8433179723502304	0	J
510	261	0.8986175115207373	0.00921658986175115	H
510	334	0.880184331797235	0.00921658986175115	H
510	403	0.8110599078341014	0.00921658986175115	H
510	421	0.8525345622119815	0.00921658986175115	H
513	366	0.8341013824884793	0.02304147465437788	J
513	478	0.8387096774193549	0.02304147465437788	J
513	479	0.8387096774193549	0.02304147465437788	J
513	494	0.847926267281106	0.02304147465437788	J
513	514	0.847926267281106	0.02304147465437788	J
513	592	0.8525345622119815	0.02304147465437788	J
514	366	0.9078341013824884	0.00460829493087557	J
514	426	0.8617511520737328	0.00460829493087557	J
514	449	0.8663594470046083	0.00460829493087557	J
514	464	0.8663594470046083	0.00460829493087557	J
514	478	0.8940092165898618	0.00460829493087557	J
514	479	0.8617511520737328	0.00460829493087557	J
514	494	0.9078341013824884	0.00460829493087557	J
514	513	0.8894009216589862	0.00460829493087557	J
514	592	0.8894009216589862	0.00460829493087557	J
515	380	0.880184331797235	0.00460829493087557	J
515	381	0.880184331797235	0.00460829493087557	J
515	426	0.8755760368663594	0.00460829493087557	J
515	428	0.8847926267281107	0.00460829493087557	J
515	429	0.8571428571428571	0.00460829493087557	J
515	449	0.8755760368663594	0.00460829493087557	J
515	450	0.8847926267281107	0.00460829493087557	J
515	452	0.8755760368663594	0.00460829493087557	J
515	464	0.8755760368663594	0.00460829493087557	J
515	540	0.8709677419354839	0.00460829493087557	J
516	410	0.847926267281106	0.01382488479262672	C
516	427	0.8709677419354839	0.01382488479262672	C
516	480	0.8433179723502304	0.01382488479262672	C
516	495	0.8571428571428571	0.01382488479262672	C
519	333	0.8194444444444444	0	F
519	385	0.7685185185185185	0	F
519	485	0.7638888888888888	0	F
519	668	0.7685185185185185	0	F
520	561	0.7638888888888888	0	O
521	500	0.8055555555555556	0	M
521	546	0.7870370370370371	0	M
521	587	0.7685185185185185	0	M
525	535	0.8194444444444444	0	F
525	602	0.8101851851851852	0	F
526	551	1.462962962962963	0.01388888888888888	L
526	578	0.7870370370370371	0.01388888888888888	L
526	642	0.7592592592592593	0.01388888888888888	L
527	631	0.776255707762557	0	C
528	378	0.8472222222222222	0	T
533	332	0.7953488372093023	0.00930232558139534	M
533	468	0.8232558139534883	0.00930232558139534	M
533	545	0.8093023255813954	0.00930232558139534	M
533	612	0.7581395348837209	0.00930232558139534	M
535	525	0.8093023255813954	1	NA
535	602	0.7813953488372093	1	NA
536	357	0.8046511627906977	0	F
540	366	0.9023255813953488	0.02790697674418604	J
540	380	0.8790697674418605	0.02790697674418604	J
540	381	0.8790697674418605	0.02790697674418604	J
540	426	0.9116279069767442	0.02790697674418604	J
540	428	0.8837209302325582	0.02790697674418604	J
540	449	0.9116279069767442	0.02790697674418604	J
540	450	0.9116279069767442	0.02790697674418604	J
540	452	0.8697674418604651	0.02790697674418604	J
540	464	0.9116279069767442	0.02790697674418604	J
540	515	0.8883720930232558	0.02790697674418604	J
542	467	0.7674418604651163	0.01395348837209302	E
543	497	0.8093023255813954	1	R
545	276	0.8457943925233645	0.01869158878504672	P
545	332	0.8598130841121495	0.01869158878504672	P
545	468	0.8644859813084113	0.01869158878504672	P
545	533	0.8364485981308412	0.01869158878504672	P
546	500	0.7663551401869159	0.00934579439252336	M
546	521	0.7663551401869159	0.00934579439252336	M
550	446	0.8317757009345794	0	M
550	707	0.8457943925233645	0	M
551	111	0.7672090112640801	0	M
551	451	0.7584480600750939	0	M
551	481	0.7747183979974969	0	M
551	526	0.7734668335419274	0	M
552	424	1.5420560747663552	0.00934579439252336	C
552	462	0.8084112149532711	0.00934579439252336	C
552	622	0.822429906542056	0.00934579439252336	C
552	763	0.780373831775701	0.00934579439252336	C
555	479	0.7663551401869159	0	J
556	596	0.7850467289719626	0.02336448598130841	M
558	400	0.7934272300469484	0.02816901408450704	M
561	417	0.7981220657276995	0.01408450704225352	O
561	520	0.8075117370892019	0.01408450704225352	O
562	574	0.812206572769953	0.00469483568075117	J
562	614	0.8028169014084507	0.00469483568075117	J
563	503	0.8262910798122066	0	E
563	504	0.812206572769953	0	E
565	404	0.8169014084507042	0.04225352112676056	J
566	664	0.7731481481481481	0.00934579439252336	I
567	407	0.7511737089201878	0.00469483568075117	C
567	665	0.7934272300469484	0.00469483568075117	C
569	799	0.7746478873239436	0.215962441314554	O
570	571	0.7981220657276995	0.00938967136150234	L
570	581	0.7699530516431925	0.00938967136150234	L
570	710	0.8075117370892019	0.00938967136150234	L
570	786	0.7652582159624414	0.00938967136150234	L
571	570	0.8075117370892019	0	K
571	581	0.7887323943661971	0	K
571	594	0.7605633802816901	0	K
571	607	0.7699530516431925	0	K
571	710	0.7934272300469484	0	K
571	786	0.7511737089201878	0	K
574	440	0.8113207547169812	0	O
574	562	0.8301886792452831	0	O
574	614	0.78301886792452835	0	O
577	314	0.8632075471698113	0	H
577	360	0.839622641509434	0	H
577	692	0.7924528301886793	0	H
578	526	0.8018867924528302	0.00471698113207547	J
578	642	0.7594339622641509	0.00471698113207547	J
579	446	0.8301886792452831	0	F
579	490	0.7877358490566038	0	F
579	706	0.7688679245283019	0	F
579	707	0.78301886792452835	0	F
581	379	0.8418604651162791	0.01408450704225352	U
581	570	0.7906976744186046	0.01408450704225352	U
581	571	0.8046511627906977	0.01408450704225352	U
581	594	0.8558139534883721	0.01408450704225352	U
581	607	0.8232558139534883	0.01408450704225352	U
581	710	0.7627906976744186	0.01408450704225352	U
584	585	0.8018867924528302	0	J
584	599	0.7688679245283019	0	J
585	584	0.8113207547169812	0	J
585	599	0.7971698113207547	0	J
586	624	0.8246445497630331	0.00473933649289099	O
586	625	0.8578199052132701	0.00473933649289099	O
586	633	0.8388625592417062	0.00473933649289099	O
586	661	0.7962085308056872	0.00473933649289099	O
587	500	0.7535545023696683	0.35071090047393366	D
587	521	0.7582938388625592	0.35071090047393366	D
587	777	0.7535545023696683	0.35071090047393366	D
589	353	0.8104265402843602	0.00947867298578199	D
589	354	0.8246445497630331	0.00947867298578199	D
589	488	0.8151658767772512	0.00947867298578199	D
589	616	0.8293838862559242	0.00947867298578199	D
591	229	0.8341232227488151	0.00947867298578199	E
591	280	0.8388625592417062	0.00947867298578199	E
592	366	0.8862559241706162	0.5876777251184834	NA
592	464	0.8436018957345972	0.5876777251184834	NA
592	478	0.8862559241706162	0.5876777251184834	NA
592	479	0.8720379146919431	0.5876777251184834	NA
592	494	0.8909952606635071	0.5876777251184834	NA
592	513	0.8957345971563981	0.5876777251184834	NA
592	514	0.8909952606635071	0.5876777251184834	NA
593	451	0.7772511848341233	0.02843601895734597	H
593	622	0.7819905213270142	0.02843601895734597	H
593	763	0.7819905213270142	0.02843601895734597	H
594	379	0.8767772511848341	0	U
594	571	0.8056872037914692	0	U
594	581	0.8815165876777251	0	U
594	607	0.8672985781990521	0	U
595	654	0.8285714285714286	0.00952380952380952	H
595	701	0.7666666666666667	0.00952380952380952	H
596	556	0.7904761904761904	0.01428571428571428	J
596	636	0.7714285714285715	0.01428571428571428	J
598	694	0.7952380952380952	0	F
598	738	0.7571428571428571	0	F
599	584	0.780952380952381	0	I
599	585	0.7952380952380952	0	I
599	739	0.7666666666666667	0	I
600	476	0.8	0.01428571428571428	J
600	601	0.7666666666666667	0.01428571428571428	J
600	673	0.7857142857142857	0.01428571428571428	J
601	600	0.7699530516431925	0.990521327014218	R
602	525	0.8285714285714286	1	NA
602	535	0.8047619047619048	1	NA
605	681	0.780952380952381	0	E
607	379	0.8333333333333334	0.2	U
607	571	0.7857142857142857	0.2	U
607	581	0.8380952380952381	0.2	U
607	594	0.8476190476190476	0.2	U
612	533	0.7942583732057417	0	T
612	826	0.7894736842105263	0	T
613	456	0.8181818181818182	0.24880382775119617	M
613	668	0.8181818181818182	0.24880382775119617	M
613	722	0.7751196172248804	0.24880382775119617	M
614	562	0.8181818181818182	0	J
614	574	0.7751196172248804	0	J
616	353	0.8181818181818182	0.02392344497607655	J
616	354	0.84688995215311	0.02392344497607655	J
616	488	0.8325358851674641	0.02392344497607655	J
616	589	0.8325358851674641	0.02392344497607655	J
619	620	0.7751196172248804	0	C
619	665	0.7511961722488039	0	C
620	619	0.7510729613733905	0	C
620	665	0.7725321888412017	0	C
621	310	0.8086124401913876	0	H
621	477	0.7751196172248804	0	H
622	424	1.5395348837209302	0	C
622	552	0.8325581395348837	0	C
622	593	0.772093023255814	0	C
622	763	0.8046511627906977	0	C
624	586	0.8173076923076923	0.01442307692307692	O
624	625	0.8221153846153846	0.01442307692307692	O
624	633	0.8653846153846154	0.01442307692307692	O
624	661	0.8461538461538461	0.01442307692307692	O
625	586	0.8605769230769231	0	C
625	624	0.8365384615384616	0	C
625	633	0.8461538461538461	0	C
625	661	0.8269230769230769	0	C
629	640	0.7649769585253456	0	E
629	760	0.7603686635944701	0	E
631	527	0.7932692307692307	0	C
632	169	1.8509615384615383	0	M
632	651	0.7692307692307693	0	M
633	586	0.8502415458937198	0.00483091787439613	C
633	624	0.8792270531400966	0.00483091787439613	C
633	625	0.8502415458937198	0.00483091787439613	C
633	661	0.8647342995169082	0.00483091787439613	C
634	349	1.2753623188405796	0.02898550724637681	L
635	645	0.7681159420289855	1	NA
635	715	0.7632850241545893	1	NA
636	416	0.7874396135265701	0.00966183574879227	F
636	596	0.7681159420289855	0.00966183574879227	F
640	629	0.7632850241545893	0	K
642	526	0.782608695652174	0.0144927536231884	J
642	578	0.7681159420289855	0.0144927536231884	J
642	674	0.7681159420289855	0.0144927536231884	J
645	498	0.8446601941747572	0	J
645	635	0.7718446601941747	0	J
645	859	0.7524271844660194	0	J
649	663	0.7990430622009569	0	M
649	687	0.7894736842105263	0	M
651	169	1.864077669902913	0	M
651	632	0.7766990291262136	0	M
654	595	0.8682926829268293	0.02926829268292683	T
654	701	0.8048780487804879	0.02926829268292683	T
658	764	0.751219512195122	0	J
661	586	0.803921568627451	0	C
661	624	0.8578431372549019	0	C
661	625	0.8284313725490197	0	C
661	633	0.8627450980392157	0	C
662	694	0.7794117647058824	0	H
663	649	0.7794117647058824	0	M
663	675	0.7647058823529411	0	M
663	687	0.7843137254901961	0	M
664	566	0.8137254901960784	0	I
665	567	0.7579908675799086	0	C
665	619	0.7671232876712328	0	C
665	620	0.8127853881278538	0	C
668	456	0.8374384236453202	0.14285714285714285	M
668	519	0.8226600985221675	0.14285714285714285	M
668	613	0.8374384236453202	0.14285714285714285	M
668	722	0.7783251231527094	0.14285714285714285	M
672	685	0.8669950738916257	0.21182266009852216	L
672	693	0.8522167487684729	0.21182266009852216	L
672	694	0.8029556650246306	0.21182266009852216	L
672	738	0.8325123152709359	0.21182266009852216	L
673	600	0.7980295566502463	0	M
674	642	0.7832512315270936	0.00492610837438423	J
674	803	0.7635467980295566	0.00492610837438423	J
675	663	0.7684729064039408	0	M
675	687	0.7586206896551724	0	M
675	723	0.7635467980295566	0	M
681	605	0.8415841584158416	0.00495049504950495	E
684	169	1.7722772277227723	0	J
685	672	0.8762376237623762	0	K
685	693	0.8762376237623762	0	K
685	694	0.8514851485148515	0	K
685	738	0.8514851485148515	0	K
687	649	0.8118811881188119	1	S
687	663	0.8118811881188119	1	S
687	675	0.7821782178217822	1	S
689	719	0.7722772277227723	0.9108910891089108	NA
689	837	0.7722772277227723	0.9108910891089108	NA
690	385	0.8514851485148515	0.9702970297029704	NA
692	577	0.8208955223880597	0.02985074626865671	D
693	672	0.8756218905472637	0.01492537313432835	U
693	685	0.8955223880597015	0.01492537313432835	U
693	694	0.8706467661691543	0.01492537313432835	U
693	738	0.8756218905472637	0.01492537313432835	U
694	374	0.9203980099502488	0.01492537313432835	H
694	598	0.8557213930348259	0.01492537313432835	H
694	662	0.8308457711442786	0.01492537313432835	H
694	672	0.8258706467661692	0.01492537313432835	H
694	685	0.8706467661691543	0.01492537313432835	H
694	693	0.8756218905472637	0.01492537313432835	H
694	738	0.8756218905472637	0.01492537313432835	H
701	595	0.81	0	M
701	654	0.815	0	M
701	715	0.77	0	M
703	387	1.01	0.03	J
703	716	0.815	0.03	J
704	790	0.7980295566502463	0	F
706	446	0.865	1	S
706	579	0.825	1	S
706	707	0.83	1	S
707	446	0.91	0	M
707	550	0.92	0	M
707	579	0.815	0	M
707	706	0.815	0	M
710	570	0.89	0.015	G
710	571	0.865	0.015	G
710	581	0.805	0.015	G
710	718	0.8	0.015	G
710	786	0.83	0.015	G
712	113	1.4169278996865204	0.00578034682080924	E
715	635	0.7989949748743719	0.949748743718593	NA
715	701	0.7537688442211056	0.949748743718593	NA
716	387	0.9597989949748744	0	J
716	703	0.8040201005025126	0	J
718	710	0.7939698492462312	0.0050251256281407	F
718	786	0.8140703517587939	0.0050251256281407	F
719	689	0.7889447236180904	0.02512562814070352	K
719	764	0.8391959798994975	0.02512562814070352	K
719	837	0.7889447236180904	0.02512562814070352	K
722	456	0.8737373737373737	0.31313131313131315	O
722	613	0.8181818181818182	0.31313131313131315	O
722	668	0.797979797979798	0.31313131313131315	O
723	675	0.7878787878787878	0	M
723	822	0.7575757575757576	0	M
723	829	0.7828282828282829	0	M
725	897	0.7676767676767676	0.04040404040404041	M
730	789	0.7817258883248731	0.9898477157360406	NA
732	440	0.81	0	F
732	769	0.785	0	F
732	806	0.785	0	F
738	598	0.817258883248731	0	I
738	672	0.8730964467005076	0	I
738	685	0.8883248730964467	0	I
738	693	0.8934010152284264	0	I
738	694	0.8883248730964467	0	I
739	599	0.817258883248731	0	F
740	748	0.817258883248731	0.02030456852791878	H
740	762	0.8121827411167513	0.02030456852791878	H
740	784	0.7817258883248731	0.02030456852791878	H
742	781	0.8071065989847716	0	C
746	770	0.7857142857142857	0	G
746	828	0.7602040816326531	0	G
748	740	0.8112244897959183	0.00510204081632653	H
748	760	0.7806122448979592	0.00510204081632653	H
748	762	0.7908163265306123	0.00510204081632653	H
748	784	0.7908163265306123	0.00510204081632653	H
759	791	0.7692307692307693	0.00512820512820512	M
760	629	0.8080808080808081	0.01020408163265306	H
760	748	0.7727272727272727	0.01020408163265306	H
760	784	0.7727272727272727	0.01020408163265306	H
762	740	0.8256410256410256	0	K
762	748	0.8205128205128205	0	K
762	784	0.7846153846153846	0	K
763	424	1.5846153846153843	0.00512820512820512	H
763	552	0.8615384615384616	0.00512820512820512	H
763	593	0.8461538461538461	0.00512820512820512	H
763	622	0.882051282051282	0.00512820512820512	H
764	658	0.7794871794871795	0	I
764	719	0.8051282051282052	0	I
764	787	0.7692307692307693	0	I
769	440	0.8865979381443299	0	F
769	732	0.8402061855670103	0	F
769	806	0.8247422680412371	0	F
770	746	0.8144329896907216	0.04639175257731959	U
770	828	0.7577319587628866	0.04639175257731959	U
777	587	0.844559585492228	0.0466321243523316	D
779	453	0.9045454545454544	0	E
781	742	0.8393782383419689	0	C
784	740	0.78125	0.05208333333333333	H
784	748	0.8072916666666666	0.05208333333333333	H
784	760	0.796875	0.05208333333333333	H
784	762	0.765625	0.05208333333333333	H
785	490	0.8645833333333334	0.984375	NA
786	570	0.8854166666666666	0	J
786	571	0.859375	0	J
786	710	0.8697916666666666	0	J
786	718	0.8697916666666666	0	J
787	764	0.7708333333333334	0.3125	M
789	730	0.7643979057591623	0	O
790	704	0.8219895287958116	0	F
791	759	0.7643979057591623	0.01047120418848167	M
799	569	0.868421052631579	0.968421052631579	NA
799	907	0.7526315789473684	0.968421052631579	NA
803	674	0.798941798941799	0	I
803	822	0.7671957671957672	0	I
803	829	0.7566137566137566	0	I
806	732	0.8563829787234043	0	F
806	769	0.8297872340425532	0	F
807	421	0.9148936170212766	0	J
812	833	0.7807486631016043	0	N
822	723	0.7956989247311828	0.01075268817204301	I
822	803	0.8118279569892473	0.01075268817204301	I
822	829	0.8172043010752689	0.01075268817204301	I
826	612	0.8810810810810811	0	K
827	856	0.8108108108108109	0.0054054054054054	I
827	860	0.8216216216216217	0.0054054054054054	I
828	746	0.8	0.9081081081081082	NA
828	770	0.772972972972973	0.9081081081081082	NA
829	723	0.8378378378378378	0.0054054054054054	I
829	803	0.8108108108108109	0.0054054054054054	I
829	822	0.8324324324324325	0.0054054054054054	I
831	865	0.8324324324324325	0	C
833	812	0.7989130434782609	0.02717391304347826	J
833	869	0.7554347826086957	0.02717391304347826	J
833	884	0.7717391304347826	0.02717391304347826	J
837	689	0.8586956521739131	0.13043478260869565	E
837	719	0.8586956521739131	0.13043478260869565	E
848	869	0.7513812154696132	0.01104972375690607	M
856	827	0.8435754189944135	0.9776536312849162	NA
856	860	0.8603351955307262	0.9776536312849162	NA
859	645	0.8651685393258427	0.9719101123595506	NA
860	827	0.8595505617977528	0.09550561797752807	E
860	856	0.8651685393258427	0.09550561797752807	E
865	831	0.7567567567567568	0.02439024390243902	F
865	866	0.7683397683397684	0.02439024390243902	F
866	865	0.9101123595505618	1	NA
866	883	0.7584269662921348	1	NA
869	833	0.7556818181818182	0	F
869	848	0.7784090909090909	0	F
869	884	0.7613636363636364	0	F
883	866	0.8034682080924855	1	NA
884	833	0.8081395348837209	0.02325581395348837	L
884	869	0.7965116279069767	0.02325581395348837	L
897	725	0.8988095238095238	0.9166666666666666	NA
904	936	0.7590361445783133	0.95783132530120485	NA
907	799	0.8666666666666667	1	NA
909	169	1.8957055214723928	0.9631901840490796	NA
921	921	0.925	0.9375	S
922	966	0.7625	0	O
936	904	0.8129032258064516	1	S
948	988	0.7604790419161677	0	O
965	966	0.8181818181818182	1	NA
966	922	0.8391608391608392	1	NA
966	965	0.8321678321678322	1	NA
988	948	0.764367816091954	0	E
988	1017	0.8045977011494253	0	E
989	994	0.7985074626865671	0	P
989	998	0.7835820895522388	0	P
989	1009	0.753731343283582	0	P
994	989	0.7862595419847328	0	P
994	998	0.7709923664122137	0	P
998	989	0.7846153846153846	0	P
998	994	0.7769230769230769	0	P
1009	989	0.7716535433070866	0.008	P
1015	1019	0.7520661157024794	0.9917355371900828	NA
1017	988	0.9466666666666668	0	E
1019	1015	0.7647058823529411	1	NA
1019	1029	0.773109243697479	1	NA
1021	140	1.0258064516129033	0	G
1023	1027	0.7606837606837606	0.9914529914529916	NA
1027	1023	0.7931034482758621	1	S
1029	1019	0.8	0.01739130434782608	E
1063	1067	0.8217821782178217	0.0099009900990099	C
1063	1071	0.8217821782178217	0.0099009900990099	C
1067	1063	0.8367346938775511	1	NA
1067	1071	0.8367346938775511	1	NA
1071	1063	0.8556701030927835	0	C
1071	1067	0.845360824742268	0	C
1077	1085	0.7849462365591398	0.02150537634408602	C
1085	1077	0.7582417582417582	0.03296703296703297	C
1127	1127	3.4743589743589745	0.9871794871794872	NA
1128	1131	0.8571428571428571	0.03896103896103896	F
1131	1128	0.84	0.01333333333333333	P
1144	1155	0.7887323943661971	0	N
1144	1176	0.7605633802816901	0	N
1155	1144	0.7681159420289855	0	N
1155	1176	0.782608695652174	0	N
1156	1157	0.782608695652174	0	F
1157	1156	0.7681159420289855	0	F
1160	1166	0.8529411764705882	0	C
1166	1160	0.8656716417910447	0	C
1176	1144	0.78125	0	U
1176	1155	0.828125	0	U
1206	1240	0.7758620689655172	0.46551724137931033	N
1206	1249	0.7586206896551724	0.46551724137931033	N
1224	1271	0.9285714285714286	1	S
1240	1206	0.8301886792452831	0.07547169811320754	N
1240	1249	0.7924528301886793	0.07547169811320754	N
1249	1206	0.8653846153846154	1	NA
1249	1240	0.8461538461538461	1	NA
1271	1224	1.0408163265306123	1	S
1319	1326	0.8409090909090909	1	NA
1326	1319	0.813953488372093	0.9767441860465116	NA
1330	1353	0.8333333333333334	0	O
1353	1330	0.9473684210526316	0	O
1356	1384	0.7837837837837838	0.16216216216216217	G
1384	1356	0.8285714285714286	0	G
1429	1429	1.096774193548387	0	E
1447	1476	0.7931034482758621	1	NA
1476	1447	0.8888888888888888	1	NA
1513	1528	0.84	1	S
1513	1543	0.84	1	S
1528	1513	0.7916666666666666	0.875	NA
1541	1582	0.782608695652174	0	N
1543	1513	0.8695652173913043	1	NA
1582	1541	0.8181818181818182	0.8181818181818182	NA
1656	1682	0.7894736842105263	0.05263157894736842	M
1682	1656	0.8333333333333334	0.05555555555555555	M
1690	1803	0.8333333333333334	1	R
1725	1726	0.8823529411764706	0	P
1726	1725	0.8823529411764706	0	P
1760	1801	0.8125	1	NA
1764	1804	0.875	0	P
1772	1814	0.875	0	O
1772	1815	0.875	0	O
1775	1818	0.8125	0.0625	P
1775	1821	0.875	0.0625	P
1775	1822	0.8125	0.0625	P
1801	1760	0.8666666666666667	0	G
1803	1690	0.9333333333333332	1	S
1804	1764	0.9333333333333332	0	H
1814	1772	0.8666666666666667	1	NA
1814	1815	0.8666666666666667	1	NA
1815	1772	0.8666666666666667	0	N
1815	1814	0.8666666666666667	0	N
1818	1775	0.8666666666666667	0	P
1818	1819	0.8	0	P
1818	1820	0.8	0	P
1818	1821	0.8666666666666667	0	P
1819	1818	0.8	0	P
1819	1820	0.8	0	P
1819	1821	0.8	0	P
1820	1818	0.8	0	P
1820	1819	0.8	0	P
1820	1821	0.8	0	P
1821	1775	0.9333333333333332	0	P
1821	1818	0.8666666666666667	0	P
1821	1819	0.8	0	P
1821	1820	0.8	0	P
1821	1822	0.8666666666666667	0	P
1822	1775	0.8	0	P
1822	1821	0.8	0	P
1842	1865	0.8571428571428571	0	O
1842	1913	0.8571428571428571	0	O
1842	1960	0.8571428571428571	0	O
1842	1961	0.8571428571428571	0	O
1845	1947	0.8571428571428571	0.07142857142857142	O
1865	1842	0.7857142857142857	0	O
1865	1913	0.7857142857142857	0	O
1865	1960	0.7857142857142857	0	O
1865	1961	0.7857142857142857	0	O
1913	1842	0.9230769230769232	0	O
1913	1865	0.9230769230769232	0	O
1913	1960	0.9230769230769232	0	O
1913	1961	0.9230769230769232	0	O
1925	1976	0.7692307692307693	1	R
1933	1934	0.8333333333333334	1	NA
1934	1933	0.8333333333333334	0.5	H
1947	1845	1	1	S
1960	1842	0.9166666666666666	0	E
1960	1865	0.9166666666666666	0	E
1960	1913	0.9166666666666666	0	E
1960	1961	0.9166666666666666	0	E
1961	1842	0.9166666666666666	0	E
1961	1865	0.9166666666666666	0	E
1961	1913	0.9166666666666666	0	E
1961	1960	0.9166666666666666	0	E
1976	1925	0.9166666666666666	0.4166666666666667	E
1993	2059	0.9090909090909092	0.9090909090909092	NA
2043	2612	0.9090909090909092	1	NA
2043	2613	0.9090909090909092	1	NA
2043	2830	0.9090909090909092	1	NA
2059	1993	1	1	NA
2074	2176	0.8	0.6	NA
2082	2195	0.8	1	NA
2092	2093	0.9	1	NA
2093	2092	0.9	1	NA
2128	2129	0.8888888888888888	0	G
2129	2128	0.8888888888888888	0	G
2133	2134	0.8888888888888888	0.8888888888888888	NA
2134	2133	0.7777777777777778	1	NA
2158	2599	0.7777777777777778	0.7777777777777778	NA
2167	2303	0.7777777777777778	0.3333333333333333	N
2167	2304	0.7777777777777778	0.3333333333333333	N
2176	2074	0.8888888888888888	0.8888888888888888	NA
2178	2314	0.7777777777777778	1	NA
2180	2181	0.7777777777777778	0	I
2181	2180	0.7777777777777778	0	I
2183	2184	0.8888888888888888	1	S
2184	2183	0.8888888888888888	1	S
2185	2319	0.7777777777777778	1	S
2195	2082	0.8888888888888888	0	F
2241	2242	0.8888888888888888	0	C
2241	2243	0.8888888888888888	0	C
2242	2241	0.8888888888888888	1	NA
2242	2243	0.8888888888888888	1	NA
2243	2241	0.7777777777777778	0	P
2243	2242	0.7777777777777778	0	P
2268	2305	0.875	1	R
2303	2167	0.875	0.625	NA
2303	2304	0.875	0.625	NA
2304	2167	0.875	0.375	N
2304	2303	0.875	0.375	N
2305	2268	0.875	0	L
2305	2480	0.875	0	L
2314	2178	1	0.875	NA
2319	2185	1	1	S
2327	2504	0.875	1	NA
2329	2330	0.875	1	S
2329	2507	0.875	1	S
2329	2508	0.875	1	S
2330	2329	0.875	1	S
2330	2507	0.875	1	S
2330	2508	0.875	1	S
2333	2705	0.875	1	NA
2349	2350	0.875	1	R
2350	2349	0.875	1	NA
2364	2755	0.875	0.25	P
2364	2756	0.875	0.25	P
2392	2394	0.875	1	NA
2393	2394	0.875	0.5	G
2394	2392	0.8181818181818182	0	K
2394	2393	0.8181818181818182	0	K
2401	2402	1	0	L
2402	2401	0.875	0	L
2407	2408	0.875	0	P
2408	2407	1	0	P
2477	2478	0.8571428571428571	1	NA
2478	2477	0.8571428571428571	0	M
2480	2305	1	1	NA
2496	2497	1	1	NA
2497	2496	1	0	U
2497	2498	0.8571428571428571	0	U
2498	2497	0.8571428571428571	1	NA
2504	2327	1	0	H
2504	2699	0.8571428571428571	0	H
2505	2701	0.8571428571428571	0	I
2507	2329	0.8571428571428571	1	S
2507	2330	0.8571428571428571	1	S
2507	2508	0.8571428571428571	1	S
2508	2329	1	1	S
2508	2330	1	1	S
2508	2507	1	1	S
2512	2513	0.8571428571428571	1	NA
2513	2512	0.8571428571428571	1	NA
2514	2705	0.8571428571428571	0	C
2516	2711	0.8571428571428571	0.42857142857142855	M
2520	2717	0.8571428571428571	0	G
2538	2539	1	1	NA
2538	2540	1	1	NA
2539	2538	1	1	NA
2539	2540	1	1	NA
2539	2541	0.8571428571428571	1	NA
2540	2538	1	1	NA
2540	2539	1	1	NA
2540	2541	1	1	NA
2540	2728	0.8571428571428571	1	NA
2541	2539	0.8571428571428571	1	NA
2541	2540	1	1	NA
2541	2728	0.8571428571428571	1	NA
2556	2745	0.8571428571428571	0.42857142857142855	M
2587	2790	0.8571428571428571	1	S
2587	2791	0.8571428571428571	1	S
2599	2158	1	1	NA
2607	2819	0.8571428571428571	0	I
2609	2821	0.8571428571428571	1	NA
2612	2043	1	1	NA
2613	2043	1.1428571428571428	0	M
2614	2615	0.8571428571428571	1	NA
2615	2614	1	0	M
2665	3044	0.8333333333333334	1	NA
2676	2933	0.8333333333333334	1	NA
2698	2706	0.8333333333333334	1	NA
2699	2504	1	1	NA
2701	2505	1	1	NA
2705	2333	1.1666666666666667	1	NA
2705	2514	1	1	NA
2706	2698	0.8333333333333334	1	NA
2711	2516	1	0.5	M
2717	2520	1	0	F
2717	2966	0.8333333333333334	0	F
2722	2723	1	0	I
2723	2722	1	1	NA
2728	2540	1	1	NA
2728	2541	1	1	NA
2729	2730	0.8333333333333334	1	NA
2730	2729	0.8333333333333334	1	NA
2736	3028	0.8333333333333334	0.8333333333333334	NA
2745	2556	1	1	S
2751	2752	1	0.5	J
2752	2751	1	0.5	J
2754	2755	0.8333333333333334	0	C
2754	2756	0.8333333333333334	0	C
2755	2364	1	1	NA
2755	2754	0.8333333333333334	1	NA
2755	2756	0.8333333333333334	1	NA
2756	2364	1.1666666666666667	0	C
2756	2754	1	0	C
2756	2755	1	0	C
2756	2757	0.8333333333333334	0	C
2756	3091	0.8333333333333334	0	C
2757	2756	0.8333333333333334	0.8333333333333334	R
2757	2758	0.8333333333333334	0.8333333333333334	R
2757	2759	0.8333333333333334	0.8333333333333334	R
2757	3022	0.8333333333333334	0.8333333333333334	R
2758	2757	0.8333333333333334	0	P
2758	2759	0.8333333333333334	0	P
2758	3022	0.8333333333333334	0	P
2759	2757	1	0	P
2759	2758	1	0	P
2759	3022	0.8333333333333334	0	P
2790	2587	1	1	R
2790	2791	1	1	R
2791	2587	1	1	NA
2791	2790	1	1	NA
2792	3095	0.8333333333333334	0	G
2801	2802	0.8333333333333334	1	NA
2802	2801	1	1	NA
2802	3102	0.8333333333333334	1	NA
2811	3115	0.8333333333333334	0	C
2811	3116	0.8333333333333334	0	C
2814	3134	0.8333333333333334	1	NA
2815	2816	1	1	NA
2816	2815	1	1	NA
2817	4003	0.8333333333333334	0	C
2819	2607	1	0	C
2821	2609	1	0	G
2821	3148	0.8333333333333334	0	G
2830	2043	1.3333333333333333	1	NA
2843	2844	0.8333333333333334	0.8333333333333334	NA
2843	3178	0.8333333333333334	0.8333333333333334	NA
2844	2843	0.8333333333333334	0.8333333333333334	NA
2844	3178	0.8333333333333334	0.8333333333333334	NA
2933	2676	1	0	D
2933	3293	0.8	0	D
2938	3299	0.8	1	NA
2953	3315	0.8	1	NA
2957	3413	0.8	1	NA
2960	2961	1	1	NA
2961	2960	1	0	E
2966	2717	1	1	NA
2966	3332	0.8	1	NA
2972	2973	1	1	R
2972	2974	1	1	R
2973	2972	1	0	J
2973	2974	1	0	J
2974	2972	1	0	L
2974	2973	1	0	L
2975	3522	0.8	0	E
2978	3339	0.8	1	NA
2986	2987	1	1	NA
2987	2986	1	0	L
2987	2988	0.8	0	L
2988	2987	0.8	1	NA
2990	3360	0.8	0	G
2996	3390	0.8	1	NA
2997	2998	1	1	NA
2998	2997	1	1	NA
3000	3001	1	1	NA
3001	3000	1	1	S
3022	2757	1	0	P
3022	2758	1	0	P
3022	2759	1	0	P
3028	2736	1	1	NA
3044	2665	0.8	1	NA
3091	2756	1	0	C
3095	2792	1	1	NA
3095	3102	0.8	1	NA
3102	2802	1	1	R
3102	3095	0.8	1	R
3102	3509	0.8	1	R
3114	3115	0.8	0	J
3114	3122	0.8	0	J
3115	2811	0.8	0	C
3115	3114	0.8	0	C
3115	3116	0.8	0	C
3116	2811	1	1	NA
3116	3115	1	1	NA
3117	3118	1	1	NA
3118	3117	1	1	NA
3122	3114	0.8	1	NA
3125	3126	1	1	NA
3125	3127	1	1	NA
3126	3125	1	1	NA
3126	3127	1	1	NA
3126	3128	1	1	NA
3127	3125	1	0	M
3127	3126	1	0	M
3127	3128	1	0	M
3127	3129	1	0	M
3127	3130	1	0	M
3128	3126	1	0	F
3128	3127	1	0	F
3128	3129	1	0	F
3128	3130	1	0	F
3129	3127	1	1	R
3129	3128	1	1	R
3129	3130	1	1	R
3130	3127	1	0	H
3130	3128	1	0	H
3130	3129	1	0	H
3134	2814	1	1	NA
3137	3138	0.8	1	R
3138	3137	0.8	1	NA
3138	4003	1	1	NA
3140	3141	1	1	NA
3140	3142	1	1	NA
3141	3140	1	1	NA
3141	3142	1	1	NA
3142	3140	1	1	NA
3142	3141	1	1	NA
3148	2821	1	0	E
3163	3163	0.8	1	NA
3163	3641	0.8	1	NA
3177	3588	0.8	1	S
3177	3589	0.8	1	S
3178	2843	1	1	S
3178	2844	1	1	S
3293	2933	1	1	R
3299	2938	1	1	NA
3315	2953	1	1	NA
3332	2966	1	1	NA
3339	2978	1	1	NA
3360	2990	1	0	G
3390	2996	1	1	NA
3395	3396	1	0	M
3396	3395	1	0	M
3397	3398	1	0	G
3398	3397	1	0	G
3413	2957	1	0.25	K
3509	3102	1	0.5	N
3522	2975	1	1	R
3569	3570	1	1	NA
3570	3569	1	1	NA
3588	3177	1	0.75	NA
3588	3589	1	0.75	NA
3589	3177	1	1	NA
3589	3588	1	1	NA
3592	3593	1	1	NA
3593	3592	1	1	NA
3641	3163	1.3333333333333333	1	NA
3659	3660	1	0.6666666666666666	NA
3660	3659	1	0	M
3674	3675	1	1	NA
3675	3674	1	1	NA
3703	3704	1	0	L
3704	3703	1	1	NA
3762	3763	1	1	NA
3763	3762	1	1	NA
3801	3802	1	1	NA
3802	3801	1	1	NA
3904	3905	1	1	NA
3904	3906	1	1	NA
3905	3904	1	1	NA
3905	3906	1	1	NA
3906	3904	1	1	NA
3906	3905	1	1	NA
4003	2817	1	0	K
4003	3138	1	0	K
4003	4004	2	0	K
4004	4003	1.6666666666666667	0	C
4059	4060	1	1	NA
4060	4059	1	1	NA
4071	4072	1	1	NA
4072	4071	1	1	NA
4092	4093	1	1	NA
4093	4092	1	1	NA
4121	4122	1	1	NA
4122	4121	1	1	NA
4136	4137	1	0	N
4136	4138	1	0	N
4136	4139	1	0	N
4136	4140	1	0	N
4137	4136	1	1	NA
4137	4138	1	1	NA
4137	4139	1	1	NA
4137	4140	1	1	NA
4137	4141	1	1	NA
4137	4142	1	1	NA
4138	4136	1	0	N
4138	4137	1	0	N
4138	4139	1	0	N
4138	4140	1	0	N
4138	4141	1	0	N
4138	4142	1	0	N
4139	4136	1	0	N
4139	4137	1	0	N
4139	4138	1	0	N
4139	4140	1	0	N
4139	4141	1	0	N
4139	4142	1	0	N
4139	4143	1	0	N
4140	4136	1	0	N
4140	4137	1	0	N
4140	4138	1	0	N
4140	4139	1	0	N
4140	4141	1	0	N
4140	4142	1	0	N
4140	4143	1	0	N
4140	4144	1	0	N
4141	4137	1	0	N
4141	4138	1	0	N
4141	4139	1	0	N
4141	4140	1	0	N
4141	4142	1	0	N
4141	4143	1	0	N
4141	4144	1	0	N
4142	4137	1	1	NA
4142	4138	1	1	NA
4142	4139	1	1	NA
4142	4140	1	1	NA
4142	4141	1	1	NA
4142	4143	1	1	NA
4142	4144	1	1	NA
4143	4139	1	1	NA
4143	4140	1	1	NA
4143	4141	1	1	NA
4143	4142	1	1	NA
4143	4144	1	1	NA
4143	4145	1	1	NA
4144	4140	1	1	NA
4144	4141	1	1	NA
4144	4142	1	1	NA
4144	4143	1	1	NA
4144	4145	1	1	NA
4145	4143	1	1	NA
4145	4144	1	1	NA
4156	4157	1	1	NA
4156	4158	1	1	NA
4157	4156	1	0	D
4157	4158	1	0	D
4158	4156	1	1	NA
4158	4157	1	1	NA
4165	4166	1	1	NA
4165	4167	1	1	NA
4166	4165	1	0	N
4166	4167	1	0	N
4167	4165	1	1	NA
4167	4166	1	1	NA
4177	4178	1	0	T
4178	4177	1	1	NA
4178	4179	1	1	NA
4179	4178	1	1	NA
4245	4246	1	1	NA
4246	4245	1	1	S
4246	4247	1	1	S
4247	4246	1	1	NA
4250	4251	1	0	I
4251	4250	1	0	I
4264	4265	1	1	NA
4265	4264	1	1	NA
4271	4272	1	0	M
4272	4271	1	0	K
4279	4280	1	1	NA
4280	4279	1	1	NA
4280	4281	1	1	NA
4281	4280	1	1	NA
4281	4282	1	1	NA
4281	4283	1	1	NA
4282	4281	1	1	NA
4282	4283	1	1	NA
4283	4281	1	1	NA
4283	4282	1	1	NA
4299	4300	1	1	NA
4299	4301	1	1	NA
4299	4302	1	1	NA
4300	4299	1	1	R
4300	4301	1	1	R
4300	4302	1	1	R
4301	4299	1	1	NA
4301	4300	1	1	NA
4301	4302	1	1	NA
4302	4299	1	1	NA
4302	4300	1	1	NA
4302	4301	1	1	NA
4309	4310	1	0	X
4309	4311	1	0	X
4310	4309	1	1	NA
4310	4311	1	1	NA
4311	4309	1	0	U
4311	4310	1	0	U
4332	4333	1	1	NA
4333	4332	1	1	S
4354	4355	1	1	NA
4355	4354	1	0	H
4360	4361	1	1	NA
4361	4360	1	1	NA
4376	4377	1	1	NA
4377	4376	1	1	NA
4383	4384	1	1	NA
4383	4385	1	1	NA
4384	4383	1	1	NA
4384	4385	1	1	NA
4385	4383	1	1	NA
4385	4384	1	1	NA
4469	4470	1	0	K
4470	4469	1	1	NA
4478	4479	1	1	NA
4478	4480	1	1	NA
4479	4478	1	1	NA
4479	4480	1	1	NA
4479	4481	1	1	NA
4480	4478	1	1	NA
4480	4479	1	1	NA
4480	4481	1	1	NA
4481	4479	1	1	NA
4481	4480	1	1	NA
4508	4509	1	1	NA
4509	4508	1	1	NA
4539	4540	1	0	E
4540	4539	1	1	NA
4542	4543	1	1	NA
4543	4542	1	1	NA
4549	4550	1	0.5	T
4550	4549	1	0	G
4551	4552	1	0	G
4552	4551	1	1	NA
4556	4557	1	1	R
4557	4556	1	1	NA
4560	4561	1	0	G
4561	4560	1	0	H
4564	4565	1	1	NA
4565	4564	1	0	P
4566	4567	1	0	P
4567	4566	1	0	G
4590	4591	1	1	NA
4591	4590	1	1	NA
4591	4592	1	1	NA
4591	4593	1	1	NA
4592	4591	1	1	NA
4592	4593	1	1	NA
4593	4591	1	1	NA
4593	4592	1	1	NA
4632	4633	1	1	NA
4633	4632	1	0	L
4675	4676	1	1	NA
4675	4677	1	1	NA
4676	4675	1	1	NA
4676	4677	1	1	NA
4677	4675	1	1	NA
4677	4676	1	1	NA
4682	4683	1	0	M
4682	4684	1	0	M
4682	4685	1	0	M
4683	4682	1	0.5	T
4683	4684	1	0.5	T
4683	4685	1	0.5	T
4683	4686	1	0.5	T
4684	4682	1	1	NA
4684	4683	1	1	NA
4684	4685	1	1	NA
4684	4686	1	1	NA
4684	4687	1	1	NA
4685	4682	1	1	NA
4685	4683	1	1	NA
4685	4684	1	1	NA
4685	4686	1	1	NA
4685	4687	1	1	NA
4686	4683	1	1	NA
4686	4684	1	1	NA
4686	4685	1	1	NA
4686	4687	1	1	NA
4687	4684	1	1	S
4687	4685	1	1	S
4687	4686	1	1	S
4733	4734	1	1	NA
4733	4735	1	1	NA
4734	4733	1	0.5	K
4734	4735	1	0.5	K
4735	4733	1	1	NA
4735	4734	1	1	NA
4783	4784	1	1	NA
4783	4785	1	1	NA
4784	4783	1	1	NA
4784	4785	1	1	NA
4785	4783	1	1	NA
4785	4784	1	1	NA
4791	4792	1	1	NA
4791	4793	1	1	NA
4792	4791	1	1	NA
4792	4793	1	1	NA
4793	4791	1	1	NA
4793	4792	1	1	NA
4793	4794	1	1	NA
4794	4793	1	1	NA
4798	4800	1	1	NA
4798	4801	1	1	NA
4800	4798	1	1	NA
4800	4801	1	1	NA
4800	4802	1	1	NA
4801	4798	1	1	NA
4801	4800	1	1	NA
4801	4802	1	1	NA
4802	4800	1	1	S
4802	4801	1	1	S
4802	4804	1	1	S
4804	4802	1	1	NA
4805	4806	1	1	NA
4806	4805	1	1	NA
4808	4809	1	1	NA
4809	4808	1	1	NA
4810	4811	1	0	O
4811	4810	1	1	NA
4957	4958	1	0	J
4958	4957	1	0	J
4978	4979	1	1	NA
4979	4978	1	1	NA
4986	4987	1	1	NA
4987	4986	1	0	J
4989	4990	1	0	C
4990	4989	1	0	C
5011	5012	1	0.5	O
5011	5013	1	0.5	O
5012	5011	1	1	NA
5012	5013	1	1	NA
5013	5011	1	1	NA
5013	5012	1	1	NA
5034	5035	1	1	NA
5035	5034	1	1	NA
5047	5048	1	0.5	X
5047	5049	1	0.5	X
5047	5050	1	0.5	X
5048	5047	1	1	NA
5048	5049	1	1	NA
5048	5050	1	1	NA
5049	5047	1	1	NA
5049	5048	1	1	NA
5049	5050	1	1	NA
5050	5047	1	1	NA
5050	5048	1	1	NA
5050	5049	1	1	NA
5153	5154	1	1	NA
5154	5153	1	1	NA
5171	5172	1	1	NA
5171	5173	1	1	NA
5171	5174	1	1	NA
5172	5171	1	1	NA
5172	5173	1	1	NA
5172	5174	1	1	NA
5173	5171	1	0	D
5173	5172	1	0	D
5173	5174	1	0	D
5174	5171	1	1	NA
5174	5172	1	1	NA
5174	5173	1	1	NA
5179	5180	1	0	M
5180	5179	1	0	M
5181	5182	1	1	NA
5182	5181	1	1	NA
5187	5188	1	0.5	C
5188	5187	1	1	NA
5189	5190	1	1	NA
5189	5191	1	1	NA
5190	5189	1	1	NA
5190	5191	1	1	NA
5191	5189	1	1	NA
5191	5190	1	1	NA
5200	5201	1	1	NA
5200	5202	1	1	NA
5200	5203	1	1	NA
5200	5204	1	1	NA
5201	5200	1	1	NA
5201	5202	1	1	NA
5201	5203	1	1	NA
5201	5204	1	1	NA
5201	5205	1	1	NA
5201	5206	1	1	NA
5202	5200	1	1	NA
5202	5201	1	1	NA
5202	5203	1	1	NA
5202	5204	1	1	NA
5202	5205	1	1	NA
5202	5206	1	1	NA
5202	5207	1	1	NA
5203	5200	1	1	NA
5203	5201	1	1	NA
5203	5202	1	1	NA
5203	5204	1	1	NA
5203	5205	1	1	NA
5203	5206	1	1	NA
5203	5207	1	1	NA
5203	5208	1	1	NA
5204	5200	1	1	NA
5204	5201	1	1	NA
5204	5202	1	1	NA
5204	5203	1	1	NA
5204	5205	1	1	NA
5204	5206	1	1	NA
5204	5207	1	1	NA
5204	5208	1	1	NA
5204	5209	1	1	NA
5205	5201	1	1	NA
5205	5202	1	1	NA
5205	5203	1	1	NA
5205	5204	1	1	NA
5205	5206	1	1	NA
5205	5207	1	1	NA
5205	5208	1	1	NA
5205	5209	1	1	NA
5205	5210	1	1	NA
5206	5201	1	1	NA
5206	5202	1	1	NA
5206	5203	1	1	NA
5206	5204	1	1	NA
5206	5205	1	1	NA
5206	5207	1	1	NA
5206	5208	1	1	NA
5206	5209	1	1	NA
5206	5210	1	1	NA
5207	5202	1	1	NA
5207	5203	1	1	NA
5207	5204	1	1	NA
5207	5205	1	1	NA
5207	5206	1	1	NA
5207	5208	1	1	NA
5207	5209	1	1	NA
5207	5210	1	1	NA
5208	5203	1	1	NA
5208	5204	1	1	NA
5208	5205	1	1	NA
5208	5206	1	1	NA
5208	5207	1	1	NA
5208	5209	1	1	NA
5208	5210	1	1	NA
5209	5204	1	1	NA
5209	5205	1	1	NA
5209	5206	1	1	NA
5209	5207	1	1	NA
5209	5208	1	1	NA
5209	5210	1	1	NA
5210	5205	1	1	NA
5210	5206	1	1	NA
5210	5207	1	1	NA
5210	5208	1	1	NA
5210	5209	1	1	NA
5210	5211	1	1	NA
5211	5210	1	0	M
5211	5212	1	0	M
5212	5211	1	1	NA
5233	5234	1	1	NA
5233	5235	1	1	NA
5234	5233	1	1	NA
5234	5235	1	1	NA
5235	5233	1	1	NA
5235	5234	1	1	NA
5247	5248	1	1	NA
5248	5247	1	1	NA
5278	5279	1	0.5	L
5278	5280	1	0.5	L
5279	5278	1	1	NA
5279	5280	1	1	NA
5280	5278	1	1	NA
5280	5279	1	1	NA
5293	5294	1	1	NA
5293	5295	1	1	NA
5294	5293	1	1	NA
5294	5295	1	1	NA
5295	5293	1	1	NA
5295	5294	1	1	NA
5302	5303	1	1	NA
5303	5302	1	1	S
5303	5304	1	1	S
5304	5303	1	1	NA
5324	5325	1	1	NA
5324	5326	1	1	NA
5324	5327	1	1	NA
5324	5328	1	1	NA
5324	5329	1	1	NA
5325	5324	1	1	NA
5325	5326	1	1	NA
5325	5327	1	1	NA
5325	5328	1	1	NA
5325	5329	1	1	NA
5325	5330	1	1	NA
5326	5324	1	0	K
5326	5325	1	0	K
5326	5327	1	0	K
5326	5328	1	0	K
5326	5329	1	0	K
5326	5330	1	0	K
5326	5331	1	0	K
5327	5324	1	0	N
5327	5325	1	0	N
5327	5326	1	0	N
5327	5328	1	0	N
5327	5329	1	0	N
5327	5330	1	0	N
5327	5331	1	0	N
5328	5324	1	0.5	P
5328	5325	1	0.5	P
5328	5326	1	0.5	P
5328	5327	1	0.5	P
5328	5329	1	0.5	P
5328	5330	1	0.5	P
5328	5331	1	0.5	P
5329	5324	1	1	NA
5329	5325	1	1	NA
5329	5326	1	1	NA
5329	5327	1	1	NA
5329	5328	1	1	NA
5329	5330	1	1	NA
5329	5331	1	1	NA
5330	5325	1	0	N
5330	5326	1	0	N
5330	5327	1	0	N
5330	5328	1	0	N
5330	5329	1	0	N
5330	5331	1	0	N
5331	5326	1	0	N
5331	5327	1	0	N
5331	5328	1	0	N
5331	5329	1	0	N
5331	5330	1	0	N
5331	5332	1	0	N
5332	5331	1	1	NA
5332	5333	1	1	NA
5333	5332	1	1	NA
5341	5342	1	1	NA
5342	5341	1	1	NA
5345	5346	1	1	NA
5346	5345	1	1	NA
5392	5393	1	1	NA
5392	5394	1	1	NA
5393	5392	1	0.5	P
5393	5394	1	0.5	P
5394	5392	1	1	NA
5394	5393	1	1	NA
5418	5419	1	1	NA
5418	5420	1	1	NA
5419	5418	1	1	NA
5419	5420	1	1	NA
5420	5418	1	1	S
5420	5419	1	1	S
5426	5427	1	0	N
5426	5428	1	0	N
5426	5429	1	0	N
5427	5426	1	0	N
5427	5428	1	0	N
5427	5429	1	0	N
5428	5426	1	0	N
5428	5427	1	0	N
5428	5429	1	0	N
5429	5426	1	1	NA
5429	5427	1	1	NA
5429	5428	1	1	NA
5433	5434	1	0	P
5433	5435	1	0	P
5433	5436	1	0	P
5434	5433	1	0	N
5434	5435	1	0	N
5434	5436	1	0	N
5435	5433	1	0	N
5435	5434	1	0	N
5435	5436	1	0	N
5436	5433	1	0	N
5436	5434	1	0	N
5436	5435	1	0	N
5450	5451	1	1	NA
5450	5452	1	1	NA
5450	5453	1	1	NA
5451	5450	1	1	NA
5451	5452	1	1	NA
5451	5453	1	1	NA
5452	5450	1	0	K
5452	5451	1	0	K
5452	5453	1	0	K
5453	5450	1	1	NA
5453	5451	1	1	NA
5453	5452	1	1	NA
5470	5471	1	1	NA
5471	5470	1	1	NA
5480	5481	1	1	NA
5481	5480	1	1	NA
5489	5490	1	1	NA
5490	5489	1	1	NA
5547	5548	1	1	NA
5548	5547	1	1	NA
5550	5551	1	1	NA
5551	5550	1	0	M
5553	5554	1	1	S
5554	5553	1	1	NA
5572	5573	1	0	I
5573	5572	1	1	NA
5581	5582	1	0	H
5581	5583	1	0	H
5582	5581	1	0	H
5582	5583	1	0	H
5583	5581	1	1	S
5583	5582	1	1	S
5585	5586	1	0	T
5585	5587	1	0	T
5586	5585	1	0	J
5586	5587	1	0	J
5586	5588	1	0	J
5587	5585	1	1	NA
5587	5586	1	1	NA
5587	5588	1	1	NA
5588	5586	1	1	NA
5588	5587	1	1	NA
